{"eval_exact_match": 76.75496688741723, "eval_f1": 84.6921744512055}