{"eval_exact_match": 0.01892147587511826, "eval_f1": 4.337076618665566}