{"eval_exact_match": 15.166666666666666, "eval_f1": 25.071002876656003}